block_loop,reps,leftLabel,rightLabel,InstrText,stims,correct_key,stim_color,blocks.thisRepN,blocks.thisTrialN,blocks.thisN,blocks.thisIndex,trials.thisRepN,trials.thisTrialN,trials.thisN,trials.thisIndex,text.started,key_resp.started,key_resp.keys,key_resp.rt,text_3.started,key_resp_4.started,key_resp_4.keys,key_resp_4.rt,label_left.started,label_right.started,polygon_2.started,polygon_2.stopped,text_5.started,key_resp_5.started,key_resp_5.keys,key_resp_5.rt,text_2.started,key_resp_2.started,key_resp_2.keys,key_resp_2.rt,participant,session,date,expName,psychopyVersion,frameRate,
,,,,,,,,,,,,,,,,7.953523999996833,7.953523999996833,space,0.5972369000082836,,,,,,,,,,,,,,,,,885045,001,2024-12-23_22h00.52.146,IAT,2022.2.4,164.88997715758777,
block1.xlsx,3,积极词-按E键,消极词-按I键,"接下来将进行第一部分的测试
请你将左手和右手的食指分别放在E和I按键上。
一会屏幕中会先短暂出现一个十字，请注视。
十字消失后会出现一个词语（积极词或消极词），
请在保证正确率的前提下快速对其进行分类。
具体规则为：积极词-按E键；消极词-按I键
如果你已经明白规则，请按空格键开始测试
如果你有任何疑问，请咨询实验员",漂亮,e,white,0,0,0,0,0,0,0,1,,,,,8.62004270000034,8.62004270000034,space,10.016451200004667,18.658681799992337,18.658681799992337,18.658681799992337,19.159207099990454,19.64381369999319,19.64381369999319,e,1.7749738999991678,,,,,885045,001,2024-12-23_22h00.52.146,IAT,2022.2.4,164.88997715758777,
block1.xlsx,3,积极词-按E键,消极词-按I键,"接下来将进行第一部分的测试
请你将左手和右手的食指分别放在E和I按键上。
一会屏幕中会先短暂出现一个十字，请注视。
十字消失后会出现一个词语（积极词或消极词），
请在保证正确率的前提下快速对其进行分类。
具体规则为：积极词-按E键；消极词-按I键
如果你已经明白规则，请按空格键开始测试
如果你有任何疑问，请咨询实验员",喜爱,e,white,0,0,0,0,0,1,1,2,,,,,,,,,21.43205429999216,21.43205429999216,21.43205429999216,22.710738499998115,22.710738499998115,22.710738499998115,e,5.000860700005433,,,,,885045,001,2024-12-23_22h00.52.146,IAT,2022.2.4,164.88997715758777,
block1.xlsx,3,积极词-按E键,消极词-按I键,"接下来将进行第一部分的测试
请你将左手和右手的食指分别放在E和I按键上。
一会屏幕中会先短暂出现一个十字，请注视。
十字消失后会出现一个词语（积极词或消极词），
请在保证正确率的前提下快速对其进行分类。
具体规则为：积极词-按E键；消极词-按I键
如果你已经明白规则，请按空格键开始测试
如果你有任何疑问，请咨询实验员",厌恶,i,white,0,0,0,0,0,2,2,6,,,,,,,,,27.723591299989494,27.723591299989494,27.723591299989494,28.22647429999779,28.71751360000053,28.71751360000053,i,1.4378651000006357,,,,,885045,001,2024-12-23_22h00.52.146,IAT,2022.2.4,164.88997715758777,
block1.xlsx,3,积极词-按E键,消极词-按I键,"接下来将进行第一部分的测试
请你将左手和右手的食指分别放在E和I按键上。
一会屏幕中会先短暂出现一个十字，请注视。
十字消失后会出现一个词语（积极词或消极词），
请在保证正确率的前提下快速对其进行分类。
具体规则为：积极词-按E键；消极词-按I键
如果你已经明白规则，请按空格键开始测试
如果你有任何疑问，请咨询实验员",恶心,i,white,0,0,0,0,0,3,3,5,,,,,,,,,30.16517429999658,30.16517429999658,30.16517429999658,30.66804289999709,31.158754499992938,31.158754499992938,i,0.7765720000024885,,,,,885045,001,2024-12-23_22h00.52.146,IAT,2022.2.4,164.88997715758777,
block1.xlsx,3,积极词-按E键,消极词-按I键,"接下来将进行第一部分的测试
请你将左手和右手的食指分别放在E和I按键上。
一会屏幕中会先短暂出现一个十字，请注视。
十字消失后会出现一个词语（积极词或消极词），
请在保证正确率的前提下快速对其进行分类。
具体规则为：积极词-按E键；消极词-按I键
如果你已经明白规则，请按空格键开始测试
如果你有任何疑问，请咨询实验员",愉悦,e,white,0,0,0,0,0,4,4,3,,,,,,,,,31.946329300000798,31.946329300000798,31.946329300000798,32.44910549999622,32.94597939999949,32.94597939999949,e,0.7450312000146369,,,,,885045,001,2024-12-23_22h00.52.146,IAT,2022.2.4,164.88997715758777,
block1.xlsx,3,积极词-按E键,消极词-按I键,"接下来将进行第一部分的测试
请你将左手和右手的食指分别放在E和I按键上。
一会屏幕中会先短暂出现一个十字，请注视。
十字消失后会出现一个词语（积极词或消极词），
请在保证正确率的前提下快速对其进行分类。
具体规则为：积极词-按E键；消极词-按I键
如果你已经明白规则，请按空格键开始测试
如果你有任何疑问，请咨询实验员",美丽,e,white,0,0,0,0,0,5,5,0,,,,,,,,,33.69747229998757,33.69747229998757,33.69747229998757,34.200025599988294,34.69685499998741,34.69685499998741,e,0.5965506999928039,,,,,885045,001,2024-12-23_22h00.52.146,IAT,2022.2.4,164.88997715758777,
block1.xlsx,3,积极词-按E键,消极词-按I键,"接下来将进行第一部分的测试
请你将左手和右手的食指分别放在E和I按键上。
一会屏幕中会先短暂出现一个十字，请注视。
十字消失后会出现一个词语（积极词或消极词），
请在保证正确率的前提下快速对其进行分类。
具体规则为：积极词-按E键；消极词-按I键
如果你已经明白规则，请按空格键开始测试
如果你有任何疑问，请咨询实验员",难受,i,white,0,0,0,0,0,6,6,7,,,,,,,,,35.30262989999028,35.30262989999028,35.30262989999028,35.80558989998826,36.2962533999962,36.2962533999962,i,0.5544593000086024,,,,,885045,001,2024-12-23_22h00.52.146,IAT,2022.2.4,164.88997715758777,
block1.xlsx,3,积极词-按E键,消极词-按I键,"接下来将进行第一部分的测试
请你将左手和右手的食指分别放在E和I按键上。
一会屏幕中会先短暂出现一个十字，请注视。
十字消失后会出现一个词语（积极词或消极词），
请在保证正确率的前提下快速对其进行分类。
具体规则为：积极词-按E键；消极词-按I键
如果你已经明白规则，请按空格键开始测试
如果你有任何疑问，请咨询实验员",丑陋,i,white,0,0,0,0,0,7,7,4,,,,,,,,,36.85963799999445,36.85963799999445,36.85963799999445,37.362410699992324,37.853388599993195,37.853388599993195,i,0.626946999997017,,,,,885045,001,2024-12-23_22h00.52.146,IAT,2022.2.4,164.88997715758777,
block1.xlsx,3,积极词-按E键,消极词-按I键,"接下来将进行第一部分的测试
请你将左手和右手的食指分别放在E和I按键上。
一会屏幕中会先短暂出现一个十字，请注视。
十字消失后会出现一个词语（积极词或消极词），
请在保证正确率的前提下快速对其进行分类。
具体规则为：积极词-按E键；消极词-按I键
如果你已经明白规则，请按空格键开始测试
如果你有任何疑问，请咨询实验员",漂亮,e,white,0,0,0,0,1,0,8,1,,,,,,,,,38.48930869999458,38.48930869999458,38.48930869999458,38.99219779999112,39.48899949999759,39.48899949999759,e,0.6254989000008209,,,,,885045,001,2024-12-23_22h00.52.146,IAT,2022.2.4,164.88997715758777,
block1.xlsx,3,积极词-按E键,消极词-按I键,"接下来将进行第一部分的测试
请你将左手和右手的食指分别放在E和I按键上。
一会屏幕中会先短暂出现一个十字，请注视。
十字消失后会出现一个词语（积极词或消极词），
请在保证正确率的前提下快速对其进行分类。
具体规则为：积极词-按E键；消极词-按I键
如果你已经明白规则，请按空格键开始测试
如果你有任何疑问，请咨询实验员",愉悦,e,white,0,0,0,0,1,1,9,3,,,,,,,,,40.12504849999095,40.12504849999095,40.12504849999095,40.62803179999173,41.11890999999014,41.11890999999014,e,0.7042493000044487,,,,,885045,001,2024-12-23_22h00.52.146,IAT,2022.2.4,164.88997715758777,
block1.xlsx,3,积极词-按E键,消极词-按I键,"接下来将进行第一部分的测试
请你将左手和右手的食指分别放在E和I按键上。
一会屏幕中会先短暂出现一个十字，请注视。
十字消失后会出现一个词语（积极词或消极词），
请在保证正确率的前提下快速对其进行分类。
具体规则为：积极词-按E键；消极词-按I键
如果你已经明白规则，请按空格键开始测试
如果你有任何疑问，请咨询实验员",厌恶,i,white,0,0,0,0,1,2,10,6,,,,,,,,,41.83370419999119,41.83370419999119,41.83370419999119,42.33639289998973,42.82711939999717,42.82711939999717,i,0.5482849000109127,,,,,885045,001,2024-12-23_22h00.52.146,IAT,2022.2.4,164.88997715758777,
block1.xlsx,3,积极词-按E键,消极词-按I键,"接下来将进行第一部分的测试
请你将左手和右手的食指分别放在E和I按键上。
一会屏幕中会先短暂出现一个十字，请注视。
十字消失后会出现一个词语（积极词或消极词），
请在保证正确率的前提下快速对其进行分类。
具体规则为：积极词-按E键；消极词-按I键
如果你已经明白规则，请按空格键开始测试
如果你有任何疑问，请咨询实验员",美丽,e,white,0,0,0,0,1,3,11,0,,,,,,,,,43.3845500999887,43.3845500999887,43.3845500999887,43.88741399999708,44.37831679999363,44.37831679999363,e,0.7206440000009025,,,,,885045,001,2024-12-23_22h00.52.146,IAT,2022.2.4,164.88997715758777,
block1.xlsx,3,积极词-按E键,消极词-按I键,"接下来将进行第一部分的测试
请你将左手和右手的食指分别放在E和I按键上。
一会屏幕中会先短暂出现一个十字，请注视。
十字消失后会出现一个词语（积极词或消极词），
请在保证正确率的前提下快速对其进行分类。
具体规则为：积极词-按E键；消极词-按I键
如果你已经明白规则，请按空格键开始测试
如果你有任何疑问，请咨询实验员",丑陋,i,white,0,0,0,0,1,4,12,4,,,,,,,,,45.10507359998883,45.10507359998883,45.10507359998883,45.60804089999874,46.10469349999039,46.10469349999039,i,0.47967669999343343,,,,,885045,001,2024-12-23_22h00.52.146,IAT,2022.2.4,164.88997715758777,
block1.xlsx,3,积极词-按E键,消极词-按I键,"接下来将进行第一部分的测试
请你将左手和右手的食指分别放在E和I按键上。
一会屏幕中会先短暂出现一个十字，请注视。
十字消失后会出现一个词语（积极词或消极词），
请在保证正确率的前提下快速对其进行分类。
具体规则为：积极词-按E键；消极词-按I键
如果你已经明白规则，请按空格键开始测试
如果你有任何疑问，请咨询实验员",喜爱,e,white,0,0,0,0,1,5,13,2,,,,,,,,,46.595450099994196,46.595450099994196,46.595450099994196,47.09835249999014,47.58901009999681,47.58901009999681,e,0.5534541000088211,,,,,885045,001,2024-12-23_22h00.52.146,IAT,2022.2.4,164.88997715758777,
block1.xlsx,3,积极词-按E键,消极词-按I键,"接下来将进行第一部分的测试
请你将左手和右手的食指分别放在E和I按键上。
一会屏幕中会先短暂出现一个十字，请注视。
十字消失后会出现一个词语（积极词或消极词），
请在保证正确率的前提下快速对其进行分类。
具体规则为：积极词-按E键；消极词-按I键
如果你已经明白规则，请按空格键开始测试
如果你有任何疑问，请咨询实验员",恶心,i,white,0,0,0,0,1,6,14,5,,,,,,,,,48.152433700000984,48.152433700000984,48.152433700000984,48.65533329999016,49.146188300001086,49.146188300001086,i,0.45840669999597594,,,,,885045,001,2024-12-23_22h00.52.146,IAT,2022.2.4,164.88997715758777,
block1.xlsx,3,积极词-按E键,消极词-按I键,"接下来将进行第一部分的测试
请你将左手和右手的食指分别放在E和I按键上。
一会屏幕中会先短暂出现一个十字，请注视。
十字消失后会出现一个词语（积极词或消极词），
请在保证正确率的前提下快速对其进行分类。
具体规则为：积极词-按E键；消极词-按I键
如果你已经明白规则，请按空格键开始测试
如果你有任何疑问，请咨询实验员",难受,i,white,0,0,0,0,1,7,15,7,,,,,,,,,49.61262229998829,49.61262229998829,49.61262229998829,50.11550139999599,50.60621359999641,50.60621359999641,i,0.6911303999950178,,,,,885045,001,2024-12-23_22h00.52.146,IAT,2022.2.4,164.88997715758777,
block1.xlsx,3,积极词-按E键,消极词-按I键,"接下来将进行第一部分的测试
请你将左手和右手的食指分别放在E和I按键上。
一会屏幕中会先短暂出现一个十字，请注视。
十字消失后会出现一个词语（积极词或消极词），
请在保证正确率的前提下快速对其进行分类。
具体规则为：积极词-按E键；消极词-按I键
如果你已经明白规则，请按空格键开始测试
如果你有任何疑问，请咨询实验员",丑陋,i,white,0,0,0,0,2,0,16,4,,,,,,,,,51.30906319999485,51.30906319999485,51.30906319999485,51.81171529999119,52.30245139999897,52.30245139999897,i,0.6066111999971326,,,,,885045,001,2024-12-23_22h00.52.146,IAT,2022.2.4,164.88997715758777,
block1.xlsx,3,积极词-按E键,消极词-按I键,"接下来将进行第一部分的测试
请你将左手和右手的食指分别放在E和I按键上。
一会屏幕中会先短暂出现一个十字，请注视。
十字消失后会出现一个词语（积极词或消极词），
请在保证正确率的前提下快速对其进行分类。
具体规则为：积极词-按E键；消极词-按I键
如果你已经明白规则，请按空格键开始测试
如果你有任何疑问，请咨询实验员",恶心,i,white,0,0,0,0,2,1,17,5,,,,,,,,,52.92030239998712,52.92030239998712,52.92030239998712,53.42340409998724,53.92002399999183,53.92002399999183,i,1.7164666000026045,,,,,885045,001,2024-12-23_22h00.52.146,IAT,2022.2.4,164.88997715758777,
block1.xlsx,3,积极词-按E键,消极词-按I键,"接下来将进行第一部分的测试
请你将左手和右手的食指分别放在E和I按键上。
一会屏幕中会先短暂出现一个十字，请注视。
十字消失后会出现一个词语（积极词或消极词），
请在保证正确率的前提下快速对其进行分类。
具体规则为：积极词-按E键；消极词-按I键
如果你已经明白规则，请按空格键开始测试
如果你有任何疑问，请咨询实验员",美丽,e,white,0,0,0,0,2,2,18,0,,,,,,,,,55.64656209999521,55.64656209999521,55.64656209999521,56.149504499990144,56.64622669998789,56.64622669998789,e,0.5791400999878533,,,,,885045,001,2024-12-23_22h00.52.146,IAT,2022.2.4,164.88997715758777,
block1.xlsx,3,积极词-按E键,消极词-按I键,"接下来将进行第一部分的测试
请你将左手和右手的食指分别放在E和I按键上。
一会屏幕中会先短暂出现一个十字，请注视。
十字消失后会出现一个词语（积极词或消极词），
请在保证正确率的前提下快速对其进行分类。
具体规则为：积极词-按E键；消极词-按I键
如果你已经明白规则，请按空格键开始测试
如果你有任何疑问，请咨询实验员",喜爱,e,white,0,0,0,0,2,3,19,2,,,,,,,,,57.23394369999005,57.23394369999005,57.23394369999005,57.73682049999479,58.2274497999897,58.2274497999897,e,0.5073813000053633,,,,,885045,001,2024-12-23_22h00.52.146,IAT,2022.2.4,164.88997715758777,
block1.xlsx,3,积极词-按E键,消极词-按I键,"接下来将进行第一部分的测试
请你将左手和右手的食指分别放在E和I按键上。
一会屏幕中会先短暂出现一个十字，请注视。
十字消失后会出现一个词语（积极词或消极词），
请在保证正确率的前提下快速对其进行分类。
具体规则为：积极词-按E键；消极词-按I键
如果你已经明白规则，请按空格键开始测试
如果你有任何疑问，请咨询实验员",难受,i,white,0,0,0,0,2,4,20,7,,,,,,,,,58.74250549999124,58.74250549999124,58.74250549999124,59.24530579999555,59.742294600000605,59.742294600000605,i,0.5162261000077706,,,,,885045,001,2024-12-23_22h00.52.146,IAT,2022.2.4,164.88997715758777,
block1.xlsx,3,积极词-按E键,消极词-按I键,"接下来将进行第一部分的测试
请你将左手和右手的食指分别放在E和I按键上。
一会屏幕中会先短暂出现一个十字，请注视。
十字消失后会出现一个词语（积极词或消极词），
请在保证正确率的前提下快速对其进行分类。
具体规则为：积极词-按E键；消极词-按I键
如果你已经明白规则，请按空格键开始测试
如果你有任何疑问，请咨询实验员",漂亮,e,white,0,0,0,0,2,5,21,1,,,,,,,,,60.26919549999002,60.26919549999002,60.26919549999002,60.77202869999746,61.262828299994,61.262828299994,e,0.5016354999970645,,,,,885045,001,2024-12-23_22h00.52.146,IAT,2022.2.4,164.88997715758777,
block1.xlsx,3,积极词-按E键,消极词-按I键,"接下来将进行第一部分的测试
请你将左手和右手的食指分别放在E和I按键上。
一会屏幕中会先短暂出现一个十字，请注视。
十字消失后会出现一个词语（积极词或消极词），
请在保证正确率的前提下快速对其进行分类。
具体规则为：积极词-按E键；消极词-按I键
如果你已经明白规则，请按空格键开始测试
如果你有任何疑问，请咨询实验员",厌恶,i,white,0,0,0,0,2,6,22,6,,,,,,,,,61.77400900000066,61.77400900000066,61.77400900000066,62.2745159999904,62.76518259999284,62.76518259999284,i,0.46736920000694226,,,,,885045,001,2024-12-23_22h00.52.146,IAT,2022.2.4,164.88997715758777,
block1.xlsx,3,积极词-按E键,消极词-按I键,"接下来将进行第一部分的测试
请你将左手和右手的食指分别放在E和I按键上。
一会屏幕中会先短暂出现一个十字，请注视。
十字消失后会出现一个词语（积极词或消极词），
请在保证正确率的前提下快速对其进行分类。
具体规则为：积极词-按E键；消极词-按I键
如果你已经明白规则，请按空格键开始测试
如果你有任何疑问，请咨询实验员",愉悦,e,white,0,0,0,0,2,7,23,3,,,,,,,,,63.24387979999301,63.24387979999301,63.24387979999301,63.7467525999964,64.24345439999888,64.24345439999888,e,0.39800109999487177,,,,,885045,001,2024-12-23_22h00.52.146,IAT,2022.2.4,164.88997715758777,
block1.xlsx,3,积极词-按E键,消极词-按I键,"接下来将进行第一部分的测试
请你将左手和右手的食指分别放在E和I按键上。
一会屏幕中会先短暂出现一个十字，请注视。
十字消失后会出现一个词语（积极词或消极词），
请在保证正确率的前提下快速对其进行分类。
具体规则为：积极词-按E键；消极词-按I键
如果你已经明白规则，请按空格键开始测试
如果你有任何疑问，请咨询实验员",,,,0,0,0,0,,,,,,,,,,,,,,,,,,,,,64.64937780000037,64.64937780000037,space,1.4667864999937592,885045,001,2024-12-23_22h00.52.146,IAT,2022.2.4,164.88997715758777,
block2.xlsx,3,花-按E键,虫-按I键,"接下来将进行第二部分的测试
请你将左手和右手的食指分别放在E和I按键上。
该部分流程与刚才相同，只是出现的词语和规则稍有变化
词语为花或者虫
具体规则为：花-按E键；虫-按I键
如果你已经明白规则，请按空格键开始测试
如果你有任何疑问，请咨询实验员",蚂蚁,i,green,0,1,1,1,0,0,0,4,,,,,66.1634575999924,66.1634575999924,space,5.057893299992429,71.24624089999998,71.24624089999998,71.24624089999998,71.74985889998788,72.2285344999982,72.2285344999982,i,0.6681743999943137,,,,,885045,001,2024-12-23_22h00.52.146,IAT,2022.2.4,164.88997715758777,
block2.xlsx,3,花-按E键,虫-按I键,"接下来将进行第二部分的测试
请你将左手和右手的食指分别放在E和I按键上。
该部分流程与刚才相同，只是出现的词语和规则稍有变化
词语为花或者虫
具体规则为：花-按E键；虫-按I键
如果你已经明白规则，请按空格键开始测试
如果你有任何疑问，请咨询实验员",蜈蚣,i,green,0,1,1,1,0,1,1,5,,,,,,,,,72.90723589999834,72.90723589999834,72.90723589999834,73.40982950000034,73.9005182999972,73.9005182999972,i,0.5108157999929972,,,,,885045,001,2024-12-23_22h00.52.146,IAT,2022.2.4,164.88997715758777,
block2.xlsx,3,花-按E键,虫-按I键,"接下来将进行第二部分的测试
请你将左手和右手的食指分别放在E和I按键上。
该部分流程与刚才相同，只是出现的词语和规则稍有变化
词语为花或者虫
具体规则为：花-按E键；虫-按I键
如果你已经明白规则，请按空格键开始测试
如果你有任何疑问，请咨询实验员",玫瑰,e,green,0,1,1,1,0,2,2,0,,,,,,,,,74.4223895999894,74.4223895999894,74.4223895999894,74.92454199999338,75.4212625999935,75.4212625999935,e,0.5481154000008246,,,,,885045,001,2024-12-23_22h00.52.146,IAT,2022.2.4,164.88997715758777,
block2.xlsx,3,花-按E键,虫-按I键,"接下来将进行第二部分的测试
请你将左手和右手的食指分别放在E和I按键上。
该部分流程与刚才相同，只是出现的词语和规则稍有变化
词语为花或者虫
具体规则为：花-按E键；虫-按I键
如果你已经明白规则，请按空格键开始测试
如果你有任何疑问，请咨询实验员",月季,e,green,0,1,1,1,0,3,3,3,,,,,,,,,75.97862159999204,75.97862159999204,75.97862159999204,76.48132069999701,76.97209269998712,76.97209269998712,e,0.4242689000093378,,,,,885045,001,2024-12-23_22h00.52.146,IAT,2022.2.4,164.88997715758777,
block2.xlsx,3,花-按E键,虫-按I键,"接下来将进行第二部分的测试
请你将左手和右手的食指分别放在E和I按键上。
该部分流程与刚才相同，只是出现的词语和规则稍有变化
词语为花或者虫
具体规则为：花-按E键；虫-按I键
如果你已经明白规则，请按空格键开始测试
如果你有任何疑问，请咨询实验员",蚯蚓,i,green,0,1,1,1,0,4,4,7,,,,,,,,,77.402256699992,77.402256699992,77.402256699992,77.90511209999386,78.40198509999027,78.40198509999027,i,0.4642484000069089,,,,,885045,001,2024-12-23_22h00.52.146,IAT,2022.2.4,164.88997715758777,
block2.xlsx,3,花-按E键,虫-按I键,"接下来将进行第二部分的测试
请你将左手和右手的食指分别放在E和I按键上。
该部分流程与刚才相同，只是出现的词语和规则稍有变化
词语为花或者虫
具体规则为：花-按E键；虫-按I键
如果你已经明白规则，请按空格键开始测试
如果你有任何疑问，请咨询实验员",牡丹,e,green,0,1,1,1,0,5,5,1,,,,,,,,,78.87450739998894,78.87450739998894,78.87450739998894,79.37728219998826,79.86803359999612,79.86803359999612,e,0.6104221999994479,,,,,885045,001,2024-12-23_22h00.52.146,IAT,2022.2.4,164.88997715758777,
block2.xlsx,3,花-按E键,虫-按I键,"接下来将进行第二部分的测试
请你将左手和右手的食指分别放在E和I按键上。
该部分流程与刚才相同，只是出现的词语和规则稍有变化
词语为花或者虫
具体规则为：花-按E键；虫-按I键
如果你已经明白规则，请按空格键开始测试
如果你有任何疑问，请咨询实验员",丁香,e,green,0,1,1,1,0,6,6,2,,,,,,,,,80.48639989999356,80.48639989999356,80.48639989999356,80.98884890000045,81.4855865999998,81.4855865999998,e,0.47493719999329187,,,,,885045,001,2024-12-23_22h00.52.146,IAT,2022.2.4,164.88997715758777,
block2.xlsx,3,花-按E键,虫-按I键,"接下来将进行第二部分的测试
请你将左手和右手的食指分别放在E和I按键上。
该部分流程与刚才相同，只是出现的词语和规则稍有变化
词语为花或者虫
具体规则为：花-按E键；虫-按I键
如果你已经明白规则，请按空格键开始测试
如果你有任何疑问，请咨询实验员",蝗虫,i,green,0,1,1,1,0,7,7,6,,,,,,,,,81.9703487999941,81.9703487999941,81.9703487999941,82.47325589999673,82.96393009999883,82.96393009999883,i,0.4752778000110993,,,,,885045,001,2024-12-23_22h00.52.146,IAT,2022.2.4,164.88997715758777,
block2.xlsx,3,花-按E键,虫-按I键,"接下来将进行第二部分的测试
请你将左手和右手的食指分别放在E和I按键上。
该部分流程与刚才相同，只是出现的词语和规则稍有变化
词语为花或者虫
具体规则为：花-按E键；虫-按I键
如果你已经明白规则，请按空格键开始测试
如果你有任何疑问，请咨询实验员",牡丹,e,green,0,1,1,1,1,0,8,1,,,,,,,,,83.4484994999948,83.4484994999948,83.4484994999948,83.95135429999209,84.4423250999971,84.4423250999971,e,0.4582805000100052,,,,,885045,001,2024-12-23_22h00.52.146,IAT,2022.2.4,164.88997715758777,
block2.xlsx,3,花-按E键,虫-按I键,"接下来将进行第二部分的测试
请你将左手和右手的食指分别放在E和I按键上。
该部分流程与刚才相同，只是出现的词语和规则稍有变化
词语为花或者虫
具体规则为：花-按E键；虫-按I键
如果你已经明白规则，请按空格键开始测试
如果你有任何疑问，请咨询实验员",蚯蚓,i,green,0,1,1,1,1,1,9,7,,,,,,,,,84.90868469999987,84.90868469999987,84.90868469999987,85.41150360000029,85.90822430000117,85.90822430000117,i,0.47668149998935405,,,,,885045,001,2024-12-23_22h00.52.146,IAT,2022.2.4,164.88997715758777,
block2.xlsx,3,花-按E键,虫-按I键,"接下来将进行第二部分的测试
请你将左手和右手的食指分别放在E和I按键上。
该部分流程与刚才相同，只是出现的词语和规则稍有变化
词语为花或者虫
具体规则为：花-按E键；虫-按I键
如果你已经明白规则，请按空格键开始测试
如果你有任何疑问，请咨询实验员",玫瑰,e,green,0,1,1,1,1,2,10,0,,,,,,,,,86.39298089999647,86.39298089999647,86.39298089999647,86.89584059998742,87.38645039999392,87.38645039999392,e,0.42480979999527335,,,,,885045,001,2024-12-23_22h00.52.146,IAT,2022.2.4,164.88997715758777,
block2.xlsx,3,花-按E键,虫-按I键,"接下来将进行第二部分的测试
请你将左手和右手的食指分别放在E和I按键上。
该部分流程与刚才相同，只是出现的词语和规则稍有变化
词语为花或者虫
具体规则为：花-按E键；虫-按I键
如果你已经明白规则，请按空格键开始测试
如果你有任何疑问，请咨询实验员",蝗虫,i,green,0,1,1,1,1,3,11,6,,,,,,,,,87.81876209999609,87.81876209999609,87.81876209999609,88.31955789998756,88.81635689998802,88.81635689998802,i,0.43002770000020973,,,,,885045,001,2024-12-23_22h00.52.146,IAT,2022.2.4,164.88997715758777,
block2.xlsx,3,花-按E键,虫-按I键,"接下来将进行第二部分的测试
请你将左手和右手的食指分别放在E和I按键上。
该部分流程与刚才相同，只是出现的词语和规则稍有变化
词语为花或者虫
具体规则为：花-按E键；虫-按I键
如果你已经明白规则，请按空格键开始测试
如果你有任何疑问，请咨询实验员",蚂蚁,i,green,0,1,1,1,1,4,12,4,,,,,,,,,89.25264429999515,89.25264429999515,89.25264429999515,89.75535490000038,90.25214119999146,90.25214119999146,i,0.5919636000035098,,,,,885045,001,2024-12-23_22h00.52.146,IAT,2022.2.4,164.88997715758777,
block2.xlsx,3,花-按E键,虫-按I键,"接下来将进行第二部分的测试
请你将左手和右手的食指分别放在E和I按键上。
该部分流程与刚才相同，只是出现的词语和规则稍有变化
词语为花或者虫
具体规则为：花-按E键；虫-按I键
如果你已经明白规则，请按空格键开始测试
如果你有任何疑问，请咨询实验员",月季,e,green,0,1,1,1,1,5,13,3,,,,,,,,,90.85190650000004,90.85190650000004,90.85190650000004,91.35471799998777,91.85151439999754,91.85151439999754,e,0.44886800000676885,,,,,885045,001,2024-12-23_22h00.52.146,IAT,2022.2.4,164.88997715758777,
block2.xlsx,3,花-按E键,虫-按I键,"接下来将进行第二部分的测试
请你将左手和右手的食指分别放在E和I按键上。
该部分流程与刚才相同，只是出现的词语和规则稍有变化
词语为花或者虫
具体规则为：花-按E键；虫-按I键
如果你已经明白规则，请按空格键开始测试
如果你有任何疑问，请咨询实验员",丁香,e,green,0,1,1,1,1,6,14,2,,,,,,,,,92.3119607999979,92.3119607999979,92.3119607999979,92.81494449998718,93.30556480000087,93.30556480000087,e,0.40511619999597315,,,,,885045,001,2024-12-23_22h00.52.146,IAT,2022.2.4,164.88997715758777,
block2.xlsx,3,花-按E键,虫-按I键,"接下来将进行第二部分的测试
请你将左手和右手的食指分别放在E和I按键上。
该部分流程与刚才相同，只是出现的词语和规则稍有变化
词语为花或者虫
具体规则为：花-按E键；虫-按I键
如果你已经明白规则，请按空格键开始测试
如果你有任何疑问，请咨询实验员",蜈蚣,i,green,0,1,1,1,1,7,15,5,,,,,,,,,93.71757839999918,93.71757839999918,93.71757839999918,94.22031150000112,94.7171423999971,94.7171423999971,i,0.5059595999919111,,,,,885045,001,2024-12-23_22h00.52.146,IAT,2022.2.4,164.88997715758777,
block2.xlsx,3,花-按E键,虫-按I键,"接下来将进行第二部分的测试
请你将左手和右手的食指分别放在E和I按键上。
该部分流程与刚才相同，只是出现的词语和规则稍有变化
词语为花或者虫
具体规则为：花-按E键；虫-按I键
如果你已经明白规则，请按空格键开始测试
如果你有任何疑问，请咨询实验员",蜈蚣,i,green,0,1,1,1,2,0,16,5,,,,,,,,,95.23225939999975,95.23225939999975,95.23225939999975,95.7349772999878,96.2256958999933,96.2256958999933,i,0.48872100000153296,,,,,885045,001,2024-12-23_22h00.52.146,IAT,2022.2.4,164.88997715758777,
block2.xlsx,3,花-按E键,虫-按I键,"接下来将进行第二部分的测试
请你将左手和右手的食指分别放在E和I按键上。
该部分流程与刚才相同，只是出现的词语和规则稍有变化
词语为花或者虫
具体规则为：花-按E键；虫-按I键
如果你已经明白规则，请按空格键开始测试
如果你有任何疑问，请咨询实验员",丁香,e,green,0,1,1,1,2,1,17,2,,,,,,,,,96.72247049999714,96.72247049999714,96.72247049999714,97.22525939998741,97.72222359999432,97.72222359999432,e,0.3837208000040846,,,,,885045,001,2024-12-23_22h00.52.146,IAT,2022.2.4,164.88997715758777,
block2.xlsx,3,花-按E键,虫-按I键,"接下来将进行第二部分的测试
请你将左手和右手的食指分别放在E和I按键上。
该部分流程与刚才相同，只是出现的词语和规则稍有变化
词语为花或者虫
具体规则为：花-按E键；虫-按I键
如果你已经明白规则，请按空格键开始测试
如果你有任何疑问，请咨询实验员",蝗虫,i,green,0,1,1,1,2,2,18,6,,,,,,,,,98.11603699999978,98.11603699999978,98.11603699999978,98.61882099999639,99.11554479999177,99.11554479999177,i,0.51494909999019,,,,,885045,001,2024-12-23_22h00.52.146,IAT,2022.2.4,164.88997715758777,
block2.xlsx,3,花-按E键,虫-按I键,"接下来将进行第二部分的测试
请你将左手和右手的食指分别放在E和I按键上。
该部分流程与刚才相同，只是出现的词语和规则稍有变化
词语为花或者虫
具体规则为：花-按E键；虫-按I键
如果你已经明白规则，请按空格键开始测试
如果你有任何疑问，请咨询实验员",玫瑰,e,green,0,1,1,1,2,3,19,0,,,,,,,,,99.6365691999963,99.6365691999963,99.6365691999963,100.13939869999012,100.63616099998762,100.63616099998762,e,0.3924025000014808,,,,,885045,001,2024-12-23_22h00.52.146,IAT,2022.2.4,164.88997715758777,
block2.xlsx,3,花-按E键,虫-按I键,"接下来将进行第二部分的测试
请你将左手和右手的食指分别放在E和I按键上。
该部分流程与刚才相同，只是出现的词语和规则稍有变化
词语为花或者虫
具体规则为：花-按E键；虫-按I键
如果你已经明白规则，请按空格键开始测试
如果你有任何疑问，请咨询实验员",蚯蚓,i,green,0,1,1,1,2,4,20,7,,,,,,,,,101.03608769999119,101.03608769999119,101.03608769999119,101.53880689998914,102.03562559999409,102.03562559999409,e,0.4086595999979181,,,,,885045,001,2024-12-23_22h00.52.146,IAT,2022.2.4,164.88997715758777,
block2.xlsx,3,花-按E键,虫-按I键,"接下来将进行第二部分的测试
请你将左手和右手的食指分别放在E和I按键上。
该部分流程与刚才相同，只是出现的词语和规则稍有变化
词语为花或者虫
具体规则为：花-按E键；虫-按I键
如果你已经明白规则，请按空格键开始测试
如果你有任何疑问，请咨询实验员",牡丹,e,green,0,1,1,1,2,5,21,1,,,,,,,,,102.45358129999659,102.45358129999659,102.45358129999659,102.95647639999515,103.44727939998847,103.44727939998847,e,0.4870195999974385,,,,,885045,001,2024-12-23_22h00.52.146,IAT,2022.2.4,164.88997715758777,
block2.xlsx,3,花-按E键,虫-按I键,"接下来将进行第二部分的测试
请你将左手和右手的食指分别放在E和I按键上。
该部分流程与刚才相同，只是出现的词语和规则稍有变化
词语为花或者虫
具体规则为：花-按E键；虫-按I键
如果你已经明白规则，请按空格键开始测试
如果你有任何疑问，请咨询实验员",月季,e,green,0,1,1,1,2,6,22,3,,,,,,,,,103.94414799999504,103.94414799999504,103.94414799999504,104.44687529999646,104.93766759999562,104.93766759999562,e,0.43871309999667574,,,,,885045,001,2024-12-23_22h00.52.146,IAT,2022.2.4,164.88997715758777,
block2.xlsx,3,花-按E键,虫-按I键,"接下来将进行第二部分的测试
请你将左手和右手的食指分别放在E和I按键上。
该部分流程与刚才相同，只是出现的词语和规则稍有变化
词语为花或者虫
具体规则为：花-按E键；虫-按I键
如果你已经明白规则，请按空格键开始测试
如果你有任何疑问，请咨询实验员",蚂蚁,i,green,0,1,1,1,2,7,23,4,,,,,,,,,105.38621729999431,105.38621729999431,105.38621729999431,105.888770199992,106.3795315999887,106.3795315999887,i,0.49791849999746773,,,,,885045,001,2024-12-23_22h00.52.146,IAT,2022.2.4,164.88997715758777,
block2.xlsx,3,花-按E键,虫-按I键,"接下来将进行第二部分的测试
请你将左手和右手的食指分别放在E和I按键上。
该部分流程与刚才相同，只是出现的词语和规则稍有变化
词语为花或者虫
具体规则为：花-按E键；虫-按I键
如果你已经明白规则，请按空格键开始测试
如果你有任何疑问，请咨询实验员",,,,0,1,1,1,,,,,,,,,,,,,,,,,,,,,106.88837619998958,106.88837619998958,space,1.4879081000108272,885045,001,2024-12-23_22h00.52.146,IAT,2022.2.4,164.88997715758777,
,,,,,,,,,,,,,,,,,,,,108.39989069999137,108.39989069999137,,,,,,,,,,,,,,,,,,,,,
